,"('PLANES DE PREVENCIÓN Y REDUCCIÓN DEL RIESGO DE DESASTRES', None)","('DESCARGA', None)"
0,"('Plan de prevención y reducción del riesgo de desastres del distrito de Chavín de Huantar-provincia de Huari-región Ancash 2022 - 2024 (DISTRITO CHAVIN DE HUANTAR, HUARI, ANCASH)', None)","('', 'https://sigrid.cenepred.gob.pe/sigridv3/documento/16061/descargar')"
1,"('Plan de prevención y reducción de riesgo de desastres del distrito de Pisco 2022 - 2025 (DISTRITO PISCO, PISCO, ICA)', None)","('', 'https://sigrid.cenepred.gob.pe/sigridv3/documento/15957/descargar')"
2,"('Plan de prevención y reducción del riesgo de desastres del distrito de Mancos 2022 - 2024 (DISTRITO MANCOS, YUNGAY, ANCASH)', None)","('', 'https://sigrid.cenepred.gob.pe/sigridv3/documento/15956/descargar')"
3,"('Plan de prevención y reducción del riesgo de desastres de la región Piura 2023 - 2025 (DEPARTAMENTO PIURA)', None)","('', 'https://sigrid.cenepred.gob.pe/sigridv3/documento/15954/descargar')"
4,"('Plan de prevención y reducción de riesgos ante incendios forestales de la región Cusco 2022 al 2026 (DEPARTAMENTO CUSCO)', None)","('', 'https://sigrid.cenepred.gob.pe/sigridv3/documento/15953/descargar')"
5,"('Plan de prevención y reducción del riesgo de desastres del distrito de Santa Teresa al 2025 (DISTRITO SANTA TERESA, LA CONVENCION, CUSCO)', None)","('', 'https://sigrid.cenepred.gob.pe/sigridv3/documento/15539/descargar')"
6,"('Plan de plan de prevención y reducción del riesgo de desastres ante inundaciones y movimientos en masa 2022-2026 (DEPARTAMENTO AMAZONAS)', None)","('', 'https://sigrid.cenepred.gob.pe/sigridv3/documento/15424/descargar')"
7,"('Plan de prevención y reducción del riesgo de desastres del distrito de Santiago de Surco 2023 – 2025 (DISTRITO SANTIAGO DE SURCO, LIMA, LIMA)', None)","('', 'https://sigrid.cenepred.gob.pe/sigridv3/documento/15636/descargar')"
8,"('Plan de prevención y reducción del riesgo de desastres del distrito de Olmos 2023-2025 (DISTRITO OLMOS, LAMBAYEQUE, LAMBAYEQUE)', None)","('', 'https://sigrid.cenepred.gob.pe/sigridv3/documento/15545/descargar')"
9,"('Plan de prevención y reducción del riesgo de desastres del distrito de nuevo Chimbote 2022-2025 (DISTRITO NUEVO CHIMBOTE, SANTA, ANCASH)', None)","('', 'https://sigrid.cenepred.gob.pe/sigridv3/documento/15544/descargar')"
10,"('Plan de prevención y reducción del riesgo de desastres del distrito de Lunahuaná 2022 – 2025 (DISTRITO LUNAHUANA, CAÑETE, LIMA)', None)","('', 'https://sigrid.cenepred.gob.pe/sigridv3/documento/15543/descargar')"
11,"('Plan de prevención y reducción del riesgo de desastres del distrito de Papayal 2022-2025 (DISTRITO PAPAYAL, ZARUMILLA, TUMBES)', None)","('', 'https://sigrid.cenepred.gob.pe/sigridv3/documento/15542/descargar')"
12,"('Plan de prevención y reducción del riesgo de desastres del distrito de San Jerónimo 2022-2026 (DISTRITO SAN JERONIMO, CUSCO, CUSCO)', None)","('', 'https://sigrid.cenepred.gob.pe/sigridv3/documento/15541/descargar')"
13,"('Plan de Prevención y Reducción del Riesgo de Desastres del Organismo Supervisor de las Contrataciones del Estado 2023 – 2025 (Local Central y Edificio El Regidor de la OSCE, DISTRITO JESUS MARIA, LIMA, LIMA)', None)","('', 'https://sigrid.cenepred.gob.pe/sigridv3/documento/15534/descargar')"
14,"('Plan de prevención y reducción del riesgo de desastres del distrito de Lagunas 2022 – 2025 (DISTRITO LAGUNAS, CHICLAYO, LAMBAYEQUE)', None)","('', 'https://sigrid.cenepred.gob.pe/sigridv3/documento/15510/descargar')"
15,"('Plan de prevención y reducción del riesgo de desastres ante inundaciones y movimientos en masa en la provincia de Huánuco 2022-2026 (PROVINCIA HUANUCO, HUANUCO)', None)","('', 'https://sigrid.cenepred.gob.pe/sigridv3/documento/15511/descargar')"
16,"('Plan de prevención y reducción del riesgo de desastres de la provincia de Rioja ante inundaciones y movimientos en masa 2022-2026 (PROVINCIA RIOJA, SAN MARTIN)', None)","('', 'https://sigrid.cenepred.gob.pe/sigridv3/documento/15512/descargar')"
17,"('Plan de prevención y reducción del riesgo de desastres del distrito de Chala 2023-2025 (DISTRITO CHALA, CARAVELI, AREQUIPA)', None)","('', 'https://sigrid.cenepred.gob.pe/sigridv3/documento/15509/descargar')"
18,"('Plan de prevención y reducción del riesgo de desastres región Callao, periodo 2022-2025 (DEPARTAMENTO CALLAO)', None)","('', 'https://sigrid.cenepred.gob.pe/sigridv3/documento/15508/descargar')"
19,"('Plan de prevención y reducción del riesgo de desastres ante inundaciones y movimientos en masa en el distrito de Daniel Alomia Robles 2022 – 2026 (DISTRITO DANIEL ALOMIA ROBLES, LEONCIO PRADO, HUANUCO)', None)","('', 'https://sigrid.cenepred.gob.pe/sigridv3/documento/15420/descargar')"
20,"('Plan de plan de prevención y reducción del riesgo de desastres del distrito La Cruz, provincia y departamento Tumbes 2023-2025 (DISTRITO LA CRUZ, TUMBES, TUMBES)', None)","('', 'https://sigrid.cenepred.gob.pe/sigridv3/documento/15422/descargar')"
21,"('Plan de plan de prevención y reducción del riesgo de desastres ante inundaciones y movimientos en masa 2022-2026 del distrito de Pardo Miguel (DISTRITO PARDO MIGUEL, RIOJA, SAN MARTIN)', None)","('', 'https://sigrid.cenepred.gob.pe/sigridv3/documento/15425/descargar')"
22,"('Plan de plan de prevención y reducción del riesgo de desastres del distrito de Acoria, provincia y departamento de Huancavelica 202-2024 (DISTRITO ACORIA, HUANCAVELICA, HUANCAVELICA)', None)","('', 'https://sigrid.cenepred.gob.pe/sigridv3/documento/15423/descargar')"
23,"('Plan de plan de prevención y reducción del riesgo de desastres ante peligros de origen natural del distrito de Bambamarca (DISTRITO BAMBAMARCA, BOLIVAR, LA LIBERTAD)', None)","('', 'https://sigrid.cenepred.gob.pe/sigridv3/documento/15421/descargar')"
24,"('Plan de prevención y reducción del riesgo de desastres en el área de influencia del distrito de San Pablo 2023-2025 (DISTRITO SAN PABLO, SAN PABLO, CAJAMARCA)', None)","('', 'https://sigrid.cenepred.gob.pe/sigridv3/documento/15395/descargar')"
25,"('Plan de prevención y reducción del riesgo de desastres del distrito de Santillana, provincia de Huanta, departamento de Ayacucho, periodo 2023-2025 (DISTRITO SANTILLANA, HUANTA, AYACUCHO)', None)","('', 'https://sigrid.cenepred.gob.pe/sigridv3/documento/15394/descargar')"
26,"('Plan de prevención y reducción del riesgo de desastres de la provincia de Pomabamba 2022-2024 (PROVINCIA POMABAMBA, ANCASH)', None)","('', 'https://sigrid.cenepred.gob.pe/sigridv3/documento/15386/descargar')"
27,"('Plan de prevención y reducción del riesgo de desastres del distrito de Jesús Nazareno, provincia de Huamanga, departamento de Ayacucho, periodo 2022-2025 (DISTRITO JESUS NAZARENO, HUAMANGA, AYACUCHO)', None)","('', 'https://sigrid.cenepred.gob.pe/sigridv3/documento/15384/descargar')"
28,"('Plan de prevención y reducción del riesgo de incendios forestales periodo 2022-2025 de la región Ayacucho (DEPARTAMENTO AYACUCHO)', None)","('', 'https://sigrid.cenepred.gob.pe/sigridv3/documento/15362/descargar')"
29,"('Plan de prevención y reducción del riesgo de desastres del distrito de Samugari 2022-2025 (DISTRITO SAMUGARI, LA MAR, AYACUCHO)', None)","('', 'https://sigrid.cenepred.gob.pe/sigridv3/documento/15385/descargar')"
30,"('Plan de prevención y reducción del riesgo de desastres del distrito de Ataquero (DISTRITO ATAQUERO, CARHUAZ, ANCASH)', None)","('', 'https://sigrid.cenepred.gob.pe/sigridv3/documento/15268/descargar')"
31,"('Plan de prevención y reducción del riesgo de desastres ante sismos del distrito de Frías, provincia de Ayabaca, departamento de Piura 2022-2024 (DISTRITO FRIAS, AYABACA, PIURA)', None)","('', 'https://sigrid.cenepred.gob.pe/sigridv3/documento/15234/descargar')"
32,"('Plan de prevención y reducción del riesgo de desastres del distrito de Cotaruse 2023-2026 (DISTRITO COTARUSE, AYMARAES, APURIMAC)', None)","('', 'https://sigrid.cenepred.gob.pe/sigridv3/documento/15232/descargar')"
33,"('Plan de prevención y reducción del riesgo de desastres de la municipalidad distrital de Huancan, provincia de Huancayo, departamento de Junín 2022-2026 (DISTRITO HUANCAN, HUANCAYO, JUNIN)', None)","('', 'https://sigrid.cenepred.gob.pe/sigridv3/documento/15231/descargar')"
34,"('Plan de prevención y reducción del riesgo de desastres del distrito de Socabaya 2022-2025 (DISTRITO SOCABAYA, AREQUIPA, AREQUIPA)', None)","('', 'https://sigrid.cenepred.gob.pe/sigridv3/documento/15230/descargar')"
35,"('Plan de prevención y reducción del riesgo de desastres del distrito de Santo Domingo de Acobamba, provincia de Huancayo, departamento de Junin 2023-2025 (DISTRITO SANTO DOMINGO DE ACOBAMBA, HUANCAYO, JUNIN)', None)","('', 'https://sigrid.cenepred.gob.pe/sigridv3/documento/15229/descargar')"
36,"('Plan de prevención y reducción del riesgo de desastres del distrito de Pararín 2022-2023 (DISTRITO PARARIN, RECUAY, ANCASH)', None)","('', 'https://sigrid.cenepred.gob.pe/sigridv3/documento/15227/descargar')"
37,"('Plan de prevención y reducción del riesgo de desastres del distrito de Matacoto 2022-2024 (DISTRITO MATACOTO, YUNGAY, ANCASH)', None)","('', 'https://sigrid.cenepred.gob.pe/sigridv3/documento/15168/descargar')"
38,"('Plan de prevención y reducción del riesgo de desastres de la provincia de Huaraz 2022-2024 (PROVINCIA HUARAZ, ANCASH)', None)","('', 'https://sigrid.cenepred.gob.pe/sigridv3/documento/15169/descargar')"
39,"('Plan de prevención y reducción del riesgo de desastres del distrito de Yura 2022-2024 (DISTRITO YURA, AREQUIPA, AREQUIPA)', None)","('', 'https://sigrid.cenepred.gob.pe/sigridv3/documento/15166/descargar')"
40,"('Plan de prevención y reducción del riesgo de desastres del distrito de Cochorco 2023-2025 (DISTRITO COCHORCO, SANCHEZ CARRION, LA LIBERTAD)', None)","('', 'https://sigrid.cenepred.gob.pe/sigridv3/documento/15165/descargar')"
41,"('Plan de prevención y reducción del riesgo de desastres del distrito de La Perla 2023-2025 (DISTRITO LA PERLA, CALLAO, CALLAO)', None)","('', 'https://sigrid.cenepred.gob.pe/sigridv3/documento/15163/descargar')"
42,"('Plan de prevención y reducción del riesgo de desastres de la provincia de Antabamba 2022-2026 (PROVINCIA ANTABAMBA, APURIMAC)', None)","('', 'https://sigrid.cenepred.gob.pe/sigridv3/documento/14945/descargar')"
43,"('Plan de prevención y reducción del riesgo de desastres ante el peligro de sismo seguido de tsunami 2022-2024 (DISTRITO LA PUNTA, CALLAO, CALLAO)', None)","('', 'https://sigrid.cenepred.gob.pe/sigridv3/documento/14942/descargar')"
44,"('Plan de prevención y reducción del riesgo de desastres del distrito de Aurahuá 2022 - 2026, movimiento en masa y bajas temperaturas (DISTRITO AURAHUA, CASTROVIRREYNA, HUANCAVELICA)', None)","('', 'https://sigrid.cenepred.gob.pe/sigridv3/documento/14898/descargar')"
45,"('Plan de prevención y reducción del riesgo de desastres del distrito de Chontabamba - por inundación fluvial periodo: 2023 - 2025 (DISTRITO CHONTABAMBA, OXAPAMPA, PASCO)', None)","('', 'https://sigrid.cenepred.gob.pe/sigridv3/documento/14895/descargar')"
46,"('Plan de prevención y reducción del riesgo de desastres (PPRRD) 2023 - 2024 del Ministerio de la Producción (NACIONAL PERU)', None)","('', 'https://sigrid.cenepred.gob.pe/sigridv3/documento/14894/descargar')"
47,"('Plan de prevención y reducción del riesgo de desastres ante movimientos en masa e inundación fluvial del distrito de Marcará, provincia de Carhuaz, departamento de Ancash (DISTRITO MARCARA, CARHUAZ, ANCASH)', None)","('', 'https://sigrid.cenepred.gob.pe/sigridv3/documento/14734/descargar')"
48,"('Plan de prevención y reducción del riesgo de desastres 2022 - 2025 de la Municipalidad Distrital de Los Morochucos, provincia Cangallo - región Ayacucho (DISTRITO LOS MOROCHUCOS, CANGALLO, AYACUCHO)', None)","('', 'https://sigrid.cenepred.gob.pe/sigridv3/documento/14727/descargar')"
49,"('Plan de prevención y reducción del riesgo de desastres de la provincia de Piura (PROVINCIA PIURA, PIURA)', None)","('', 'https://sigrid.cenepred.gob.pe/sigridv3/documento/14725/descargar')"
50,"('Plan de prevención y reducción del riesgo de desastres de la provincia de Antonio Raimondi 2022 - 2026 (PROVINCIA ANTONIO RAYMONDI, ANCASH)', None)","('', 'https://sigrid.cenepred.gob.pe/sigridv3/documento/14726/descargar')"
51,"('Plan de prevención y reducción del riesgo de desastres 2023 - 2026 del distrito de Oronccoy (DISTRITO ORONCCOY, LA MAR, AYACUCHO)', None)","('', 'https://sigrid.cenepred.gob.pe/sigridv3/documento/14870/descargar')"
52,"('Plan de prevención y reducción de riesgo de desastres del distrito de Pichanaqui al 2025 - PPRRD (DISTRITO PICHANAQUI, CHANCHAMAYO, JUNIN)', None)","('', 'https://sigrid.cenepred.gob.pe/sigridv3/documento/14872/descargar')"
53,"('Plan de prevención y reducción del riesgo de desastres del distrito de Oropesa al 2025 (DISTRITO OROPESA, QUISPICANCHI, CUSCO)', None)","('', 'https://sigrid.cenepred.gob.pe/sigridv3/documento/14810/descargar')"
54,"('Plan de prevención y reducción del riesgo de desastres ante actividad eruptiva del volcán Misti, distrito de Mariano Melgar 2022 al 2026 (DISTRITO MARIANO MELGAR, AREQUIPA, AREQUIPA)', None)","('', 'https://sigrid.cenepred.gob.pe/sigridv3/documento/14808/descargar')"
55,"('Plan de prevención y reducción de riesgo de desastres 2022- 2024 en el INACAL (Sede Central INACAL, DISTRITO SAN ISIDRO, LIMA, LIMA)', None)","('', 'https://sigrid.cenepred.gob.pe/sigridv3/documento/14246/descargar')"
56,"('Plan de prevención y reducción del riesgo de desastres ante la Covid-19 región Ancash - 2022 (DEPARTAMENTO ANCASH)', None)","('', 'https://sigrid.cenepred.gob.pe/sigridv3/documento/14643/descargar')"
57,"('Plan de prevención y reducción del riesgo de desastres 2022 - 2025 del distrito de Parobamba, provincia de Pomabamba, región Ancash (DISTRITO PAROBAMBA, POMABAMBA, ANCASH)', None)","('', 'https://sigrid.cenepred.gob.pe/sigridv3/documento/14722/descargar')"
58,"('Plan de prevención y reducción del riesgo de desastres de la provincia de La Mar 2022 - 2024 (PROVINCIA LA MAR, AYACUCHO)', None)","('', 'https://sigrid.cenepred.gob.pe/sigridv3/documento/14644/descargar')"
59,"('Plan de prevención y reducción del riesgo de desastres del distrito de Andahuaylillas al 2025 (DISTRITO ANDAHUAYLILLAS, QUISPICANCHI, CUSCO)', None)","('', 'https://sigrid.cenepred.gob.pe/sigridv3/documento/14642/descargar')"
60,"('Plan de prevención y reducción del riesgo de desastres del distrito de Vegueta, provincia de Huaura, región Lima (DISTRITO VEGUETA, HUAURA, LIMA)', None)","('', 'https://sigrid.cenepred.gob.pe/sigridv3/documento/14365/descargar')"
61,"('Plan de prevención y reducción del riesgo de desastres de origen natural del distrito de Moche, provincia de Trujillo, departamento de La Libertad 2022 - 2024 (DISTRITO MOCHE, TRUJILLO, LA LIBERTAD)', None)","('', 'https://sigrid.cenepred.gob.pe/sigridv3/documento/14364/descargar')"
62,"('Plan de prevención y reducción del riesgo de desastres del distrito de Haquira, provincia de Cotabambas, región Apurímac 2022 - 2025 (DISTRITO HAQUIRA, COTABAMBAS, APURIMAC)', None)","('', 'https://sigrid.cenepred.gob.pe/sigridv3/documento/14363/descargar')"
63,"('Plan de prevención y reducción del riesgo de desastres del distrito de Chinchero 2022 - 2024 (DISTRITO CHINCHERO, URUBAMBA, CUSCO)', None)","('', 'https://sigrid.cenepred.gob.pe/sigridv3/documento/14362/descargar')"
64,"('Plan de prevención y reducción del riesgo de desastres del distrito de Independencia 2022 - 2025 (DISTRITO INDEPENDENCIA, PISCO, ICA)', None)","('', 'https://sigrid.cenepred.gob.pe/sigridv3/documento/14361/descargar')"
65,"('Plan regional de prevención y reducción del riesgo de desastres de la región de Ayacucho 2022 - 2025 (DEPARTAMENTO AYACUCHO)', None)","('', 'https://sigrid.cenepred.gob.pe/sigridv3/documento/14360/descargar')"
66,"('Plan de prevención y reducción del riesgo de desastres ante actividad eruptiva del volcán Misti, distrito de Alto Selva Alegre 2022 - 2026 (DISTRITO ALTO SELVA ALEGRE, AREQUIPA, AREQUIPA)', None)","('', 'https://sigrid.cenepred.gob.pe/sigridv3/documento/14616/descargar')"
67,"('Plan de prevención y reducción del riesgo de desastres del distrito de Sondorillo 2022 - 2024 (DISTRITO SONDORILLO, HUANCABAMBA, PIURA)', None)","('', 'https://sigrid.cenepred.gob.pe/sigridv3/documento/14617/descargar')"
68,"('Plan de prevención y reducción del riesgo de desastres de la provincia de Huanta 2022 - 2025 (PROVINCIA HUANTA, AYACUCHO)', None)","('', 'https://sigrid.cenepred.gob.pe/sigridv3/documento/14618/descargar')"
69,"('Plan de prevención y reducción del riesgo de desastres de la provincia de Quispicanchi al 2024 (PROVINCIA QUISPICANCHI, CUSCO)', None)","('', 'https://sigrid.cenepred.gob.pe/sigridv3/documento/14620/descargar')"
70,"('Plan de prevención y reducción del riesgo de desastres frente a peligros de origen natural del distrito de Incahuasi, provincia de Ferreñafe, región Lambayeque 2023 - 2025 (DISTRITO INCAHUASI, FERREÑAFE, LAMBAYEQUE)', None)","('', 'https://sigrid.cenepred.gob.pe/sigridv3/documento/14619/descargar')"
71,"('Plan de Prevención y Reducción del Riesgo de Desastres del distrito de Yanatile al 2025 (DISTRITO YANATILE, CALCA, CUSCO)', None)","('', 'https://sigrid.cenepred.gob.pe/sigridv3/documento/14520/descargar')"
72,"('Plan de Prevención y Reducción del Riesgo de Desastres del distrito de Yanama, provincia de Yungay, departamento de Ancash 2022-2024 (inundación pluvial y movimientos en masa) (DISTRITO YANAMA, YUNGAY, ANCASH)', None)","('', 'https://sigrid.cenepred.gob.pe/sigridv3/documento/14519/descargar')"
73,"('Plan de Prevención y Reducción del Riesgo de Desastres del distrito de Pichari 2022-2026 (DISTRITO PICHARI, LA CONVENCION, CUSCO)', None)","('', 'https://sigrid.cenepred.gob.pe/sigridv3/documento/14518/descargar')"
74,"('Plan de Prevención y Reducción del Riesgo de Desastres de la provincia de Ocros 2022-2024 (inundación pluvial y movimientos en masa) (PROVINCIA OCROS, ANCASH)', None)","('', 'https://sigrid.cenepred.gob.pe/sigridv3/documento/14516/descargar')"
75,"('Plan de Prevención y Reducción del Riesgo de Desastres del distrito de Pisac con perspectiva al 2025 (DISTRITO PISAC, CALCA, CUSCO)', None)","('', 'https://sigrid.cenepred.gob.pe/sigridv3/documento/14515/descargar')"
76,"('Plan de Prevención y Reducción del Riesgo de Desastres del distrito de Colta 2022-2025 (DISTRITO COLTA, PAUCAR DEL SARA SARA, AYACUCHO)', None)","('', 'https://sigrid.cenepred.gob.pe/sigridv3/documento/14514/descargar')"
77,"('Plan de Prevención y Reducción del Riesgo de Desastres del distrito de Cascapara 2022-2024 (inundación pluvial y movimientos en masa) (DISTRITO CASCAPARA, YUNGAY, ANCASH)', None)","('', 'https://sigrid.cenepred.gob.pe/sigridv3/documento/14513/descargar')"
78,"('Plan de Prevención y Reducción del Riesgo de Desastres del distrito de Colquioc 2022-2023 (movimientos en masa e inundación) (DISTRITO COLQUIOC, BOLOGNESI, ANCASH)', None)","('', 'https://sigrid.cenepred.gob.pe/sigridv3/documento/14512/descargar')"
79,"('Plan de Prevención y Reducción del Riesgo de Desastres del distrito San José de Quero 2022-2024 (DISTRITO SAN JOSE DE QUERO, CONCEPCION, JUNIN)', None)","('', 'https://sigrid.cenepred.gob.pe/sigridv3/documento/14426/descargar')"
80,"('Plan de Prevención y Reducción del Riesgo de Desastres de la Municipalidad Distrital de Puinahua (DISTRITO PUINAHUA, REQUENA, LORETO)', None)","('', 'https://sigrid.cenepred.gob.pe/sigridv3/documento/14421/descargar')"
81,"('Plan de Prevención y Reducción del Riesgo de Desastres en el distrito de Miraflores, Arequipa (DISTRITO MIRAFLORES, AREQUIPA, AREQUIPA)', None)","('', 'https://sigrid.cenepred.gob.pe/sigridv3/documento/14422/descargar')"
82,"('Plan de Prevención y Reducción del Riesgo de Desastres 2022- 2026, distrito Dean Valdivia (DISTRITO DEAN VALDIVIA, ISLAY, AREQUIPA)', None)","('', 'https://sigrid.cenepred.gob.pe/sigridv3/documento/14424/descargar')"
83,"('Plan de Prevención y Reducción del Riesgo de Desastres del distrito de Belén (DISTRITO BELEN, SUCRE, AYACUCHO)', None)","('', 'https://sigrid.cenepred.gob.pe/sigridv3/documento/14425/descargar')"
84,"('Plan de Prevención y Reducción del Riesgo de Desastres en el distrito de Ascensión 2022 - 2025 (DISTRITO ASCENSION, HUANCAVELICA, HUANCAVELICA)', None)","('', 'https://sigrid.cenepred.gob.pe/sigridv3/documento/14423/descargar')"
85,"('Plan de Prevención y Reducción del Riesgo de Desastres del Seguro Integral de Salud 2023-2025 (DISTRITO LIMA, LIMA, LIMA)', None)","('', 'https://sigrid.cenepred.gob.pe/sigridv3/documento/14535/descargar')"
86,"('Plan de prevención y reducción del riesgo de desastres frente a peligros de origen natural del distrito de Chicama, provincia de Ascope, región La Libertad 2022-2024 (DISTRITO CHICAMA, ASCOPE, LA LIBERTAD)', None)","('', 'https://sigrid.cenepred.gob.pe/sigridv3/documento/14527/descargar')"
87,"('Plan de prevención y reducción del riesgo de desastres por flujo de lodos en el campus de la universidad nacional de Jaén, distrito de Jaén, provincia de Jaén, departamento de Cajamarca 2022 -2024 (DISTRITO JAEN, JAEN, CAJAMARCA)', None)","('', 'https://sigrid.cenepred.gob.pe/sigridv3/documento/14345/descargar')"
88,"('Plan de prevención y reducción del riesgo de desastres del distrito de Shupluy 2022- 2023 (DISTRITO SHUPLUY, YUNGAY, ANCASH)', None)","('', 'https://sigrid.cenepred.gob.pe/sigridv3/documento/14082/descargar')"
89,"('Plan de prevención y reducción del riesgo de desastres de la región Puno al 2026 (DEPARTAMENTO PUNO)', None)","('', 'https://sigrid.cenepred.gob.pe/sigridv3/documento/14368/descargar')"
90,"('Plan de prevención y reducción del riesgo de desastres del distrito de Llochegua 2022 - 2026 (DISTRITO LLOCHEGUA, HUANTA, AYACUCHO)', None)","('', 'https://sigrid.cenepred.gob.pe/sigridv3/documento/14367/descargar')"
91,"('Plan de prevención y reducción del riesgo de desastres de la municipalidad provincia de Huancavelica 2022 - 2025 (DISTRITO HUANCAVELICA, HUANCAVELICA, HUANCAVELICA)', None)","('', 'https://sigrid.cenepred.gob.pe/sigridv3/documento/14366/descargar')"
92,"('Plan de prevención y reducción del riesgo de desastres de la provincia de Chumbivilcas 2022 - 2025. (PROVINCIA CHUMBIVILCAS, CUSCO)', None)","('', 'https://sigrid.cenepred.gob.pe/sigridv3/documento/14050/descargar')"
93,"('Plan de prevención y reducción del riesgo ante covid-19 y sus variantes del distrito de Independencia, provincia de Huaraz, departamento de Ancash. (DISTRITO INDEPENDENCIA, HUARAZ, ANCASH)', None)","('', 'https://sigrid.cenepred.gob.pe/sigridv3/documento/14048/descargar')"
94,"('Plan de prevención y reducción del riesgo del desastres del distrito de Lurigancho-Chosica, periodo 2022-2025 (DISTRITO LURIGANCHO, LIMA, LIMA)', None)","('', 'https://sigrid.cenepred.gob.pe/sigridv3/documento/14006/descargar')"
95,"('Plan de prevención y reducción del riesgo del desastres del distrito de San Sebastián al 2024 (DISTRITO SAN SEBASTIAN, CUSCO, CUSCO)', None)","('', 'https://sigrid.cenepred.gob.pe/sigridv3/documento/14000/descargar')"
96,"('Plan de prevención y reducción de riesgo de desastres del distrito de Jacobo Hunter (DISTRITO JACOBO HUNTER, AREQUIPA, AREQUIPA)', None)","('', 'https://sigrid.cenepred.gob.pe/sigridv3/documento/13983/descargar')"
97,"('Plan de prevención y reducción de riesgo de desastres del distrito de Huaro al 2024. (DISTRITO HUARO, QUISPICANCHI, CUSCO)', None)","('', 'https://sigrid.cenepred.gob.pe/sigridv3/documento/13928/descargar')"
98,"('Plan de prevención y reducción de riesgo de desastres del distrito de San Juan Bautista 2021-2024 (DISTRITO SAN JUAN BAUTISTA, HUAMANGA, AYACUCHO)', None)","('', 'https://sigrid.cenepred.gob.pe/sigridv3/documento/13585/descargar')"
99,"('Plan de prevención y reducción del riesgo de desastres frente a peligros de sequía, inundaciones y movimientos en masa del distrito de Salitral, provincia de Sullana, región Piura 2021-2023 (DISTRITO SALITRAL, SULLANA, PIURA)', None)","('', 'https://sigrid.cenepred.gob.pe/sigridv3/documento/13248/descargar')"
100,"('Plan de prevención y reducción de riesgo de desastres ante sismo del distrito de San Borja, provincia de Lima, región Lima 2021-2023 (DISTRITO SAN BORJA, LIMA, LIMA)', None)","('', 'https://sigrid.cenepred.gob.pe/sigridv3/documento/13083/descargar')"
101,"('Plan de prevención y reducción del riesgo de desastres frente al peligro de inundaciones, sequías y movimientos en masa del distrito de Paimas, provincia de Ayabaca - Piura (DISTRITO PAIMAS, AYABACA, PIURA)', None)","('', 'https://sigrid.cenepred.gob.pe/sigridv3/documento/13065/descargar')"
102,"('Plan de prevención y reducción del riesgo de desastres ante sismos del distrito de La Huaca, provincia de Paita, región Piura 2022-2023 (DISTRITO LA HUACA, PAITA, PIURA)', None)","('', 'https://sigrid.cenepred.gob.pe/sigridv3/documento/13059/descargar')"
103,"('Plan de prevención y reducción del riesgo de desastres del Ministerio de Justicia y Derechos Humanos 2022 - 2024. (Ministerio de Justicia y Derechos Humanos SEDE CENTRAL, DISTRITO MIRAFLORES, LIMA, LIMA)', None)","('', 'https://sigrid.cenepred.gob.pe/sigridv3/documento/13006/descargar')"
104,"('Plan de prevención y reducción del riesgo de desastres del distrito de Mollepata al 2024. (DISTRITO MOLLEPATA, ANTA, CUSCO)', None)","('', 'https://sigrid.cenepred.gob.pe/sigridv3/documento/12880/descargar')"
105,"('Plan de prevención y reducción del riesgo de desastres ante sismos del distrito de Lancones, provincia de Sullana 2022-2024 (DISTRITO LANCONES, SULLANA, PIURA)', None)","('', 'https://sigrid.cenepred.gob.pe/sigridv3/documento/12879/descargar')"
106,"('Plan de prevención y reducción del riesgo de desastres ante sismos del distrito de Morropón 2022-2024 (DISTRITO MORROPON, MORROPON, PIURA)', None)","('', 'https://sigrid.cenepred.gob.pe/sigridv3/documento/12878/descargar')"
107,"('Plan de prevención y reducción del riesgo de desastres de la provincia de Caylloma 2020 - 2022 (PROVINCIA CAYLLOMA, AREQUIPA)', None)","('', 'https://sigrid.cenepred.gob.pe/sigridv3/documento/12873/descargar')"
108,"('Plan de prevención y reducción del riesgo de desastres ante sismos del distrito de Vice, provincia de Sechura, departamento de Piura 2022-2023 (DISTRITO VICE, SECHURA, PIURA)', None)","('', 'https://sigrid.cenepred.gob.pe/sigridv3/documento/12817/descargar')"
109,"('Plan de prevención y reducción del riesgo de desastres 2021 - 2023. Instituto Nacional de Defensa de la Competencia y de la Protección de la Propiedad Intelectual - INDECOPI (Instituto Nacional de Defensa de la Competencia y de la Protección de la Propiedad Intelectual - INDECOPI, DISTRITO SAN BORJA, LIMA, LIMA)', None)","('', 'https://sigrid.cenepred.gob.pe/sigridv3/documento/12815/descargar')"
110,"('Plan de prevención y reducción del riesgo de desastres del distrito de Kosñipata 2021 - 2025 (DISTRITO KOSÑIPATA, PAUCARTAMBO, CUSCO)', None)","('', 'https://sigrid.cenepred.gob.pe/sigridv3/documento/12805/descargar')"
111,"('Plan de prevención y reducción del riesgo de desastres ante Aluvión y Movimientos en Masa del distrito de Independencia, provincia de Huaraz, departamento de Ancash 2021 - 2025. (DISTRITO INDEPENDENCIA, HUARAZ, ANCASH)', None)","('', 'https://sigrid.cenepred.gob.pe/sigridv3/documento/12801/descargar')"
112,"('Plan de prevención y reducción del riesgo de desastres ante Incendios Forestales del distrito de Independencia, provincia de Huaraz, departamento de Ancash 2021 - 2025. (DISTRITO INDEPENDENCIA, HUARAZ, ANCASH)', None)","('', 'https://sigrid.cenepred.gob.pe/sigridv3/documento/12800/descargar')"
113,"('Plan de prevención y reducción del riesgo de desastres frente a inundaciones y sequías del distrito de Querecotillo, provincia de Sullana 2021-2023. (DISTRITO QUERECOTILLO, SULLANA, PIURA)', None)","('', 'https://sigrid.cenepred.gob.pe/sigridv3/documento/12772/descargar')"
114,"('Plan de prevención y reducción del riesgo de desastres frente a peligros de sequías y movimientos en masa del distrito de Sapillica 2021-2023 (DISTRITO SAPILLICA, AYABACA, PIURA)', None)","('', 'https://sigrid.cenepred.gob.pe/sigridv3/documento/12757/descargar')"
115,"('Plan de prevención y reducción del riesgo ante sequía del distrito de Ilave al 2024. (DISTRITO ILAVE, EL COLLAO, PUNO)', None)","('', 'https://sigrid.cenepred.gob.pe/sigridv3/documento/12680/descargar')"
116,"('Plan de prevención y reducción del riesgo de desastres frente a peligros de inundación, sequías y movimientos en masa 2021 - 2023 del distrito de Suyo. (DISTRITO SUYO, AYABACA, PIURA)', None)","('', 'https://sigrid.cenepred.gob.pe/sigridv3/documento/12666/descargar')"
117,"('Plan de prevención y reducción del riesgo ante sequía del distrito de Taraco. (DISTRITO TARACO, HUANCANE, PUNO)', None)","('', 'https://sigrid.cenepred.gob.pe/sigridv3/documento/12664/descargar')"
118,"('Plan de prevención y reducción de riesgo de desastres del distrito de Maranura. (DISTRITO MARANURA, LA CONVENCION, CUSCO)', None)","('', 'https://sigrid.cenepred.gob.pe/sigridv3/documento/12602/descargar')"
119,"('Plan de prevención de riesgo de desastres del distrito capital de Chupaca 2022 - 2024. (DISTRITO CHUPACA, CHUPACA, JUNIN)', None)","('', 'https://sigrid.cenepred.gob.pe/sigridv3/documento/12506/descargar')"
120,"('Plan de prevención de riesgo de sequía en el sector Agrario de la región Puno con enfoque de Cuenca 2021 - 2031. (DEPARTAMENTO PUNO)', None)","('', 'https://sigrid.cenepred.gob.pe/sigridv3/documento/12346/descargar')"
121,"('Plan de prevención y reducción del riesgo de desastres del distrito de Ccatcca 2022 - 2024 (DISTRITO CCATCA, QUISPICANCHI, CUSCO)', None)","('', 'https://sigrid.cenepred.gob.pe/sigridv3/documento/12334/descargar')"
122,"('Plan de prevención y reducción del riesgo de desastres Pitumarca al 2024 (DISTRITO PITUMARCA, CANCHIS, CUSCO)', None)","('', 'https://sigrid.cenepred.gob.pe/sigridv3/documento/12335/descargar')"
123,"('Plan de prevención y reducción del riesgo de desastres ante peligros de Inundación pluvial y movimientos en masa del distrito de Cajamarca 2021 - 2023. (DISTRITO CAJAMARCA, CAJAMARCA, CAJAMARCA)', None)","('', 'https://sigrid.cenepred.gob.pe/sigridv3/documento/12329/descargar')"
124,"('Plan de prevención y reducción del riesgo ante sequía del distrito de Pusi. (DISTRITO PUSI, HUANCANE, PUNO)', None)","('', 'https://sigrid.cenepred.gob.pe/sigridv3/documento/12317/descargar')"
125,"('Plan de prevención y reducción del riesgo ante sequía del distrito de Mañazo. (DISTRITO MAÑAZO, PUNO, PUNO)', None)","('', 'https://sigrid.cenepred.gob.pe/sigridv3/documento/12316/descargar')"
126,"('Plan de prevención y reducción del riesgo de desastres del distrito Mosoc Llacta al 2024. (DISTRITO MOSOC LLACTA, ACOMAYO, CUSCO)', None)","('', 'https://sigrid.cenepred.gob.pe/sigridv3/documento/12314/descargar')"
127,"('Plan de prevención y reducción de riesgos de desastres para incendios forestales del Parque Arqueológico Nacional de Machupicchu al 2024 (DISTRITO MACHUPICCHU, URUBAMBA, CUSCO)', None)","('', 'https://sigrid.cenepred.gob.pe/sigridv3/documento/12282/descargar')"
128,"('Plan de prevención y reducción del riesgo de desastres de origen natural, del distrito de Bellavista de La Unión, provincia de Sechura - Piura (DISTRITO BELLAVISTA DE LA UNION, SECHURA, PIURA)', None)","('', 'https://sigrid.cenepred.gob.pe/sigridv3/documento/12281/descargar')"
129,"('Plan de prevención y reducción del riesgo de desastres del distrito de Huancarani al 2025. (DISTRITO HUANCARANI, PAUCARTAMBO, CUSCO)', None)","('', 'https://sigrid.cenepred.gob.pe/sigridv3/documento/11971/descargar')"
130,"('Plan de prevención y reducción del riesgo de desastres de la Municipalidad distrital de Pueblo Libre 2020 - 2022. (DISTRITO PUEBLO LIBRE, LIMA, LIMA)', None)","('', 'https://sigrid.cenepred.gob.pe/sigridv3/documento/11970/descargar')"
131,"('Plan de prevención y reducción del riesgo ante COVID-19 en la provincia de Carhuaz 2021-2022 (PROVINCIA CARHUAZ, ANCASH)', None)","('', 'https://sigrid.cenepred.gob.pe/sigridv3/documento/11966/descargar')"
132,"('Plan de prevención y reducción del riesgo de desastres de la Municipalidad de La Unión (Ciudad La Unión, DISTRITO LA UNION, PIURA, PIURA, )', None)","('', 'https://sigrid.cenepred.gob.pe/sigridv3/documento/11295/descargar')"
133,"('Plan de prevención y reducción del riesgo de desastres antes incendios forestales de la provincia de Vilcas Huamán 2021-2025 (PROVINCIA VILCAS HUAMAN, AYACUCHO)', None)","('', 'https://sigrid.cenepred.gob.pe/sigridv3/documento/11514/descargar')"
134,"('Plan de prevención y reducción de riesgo de desastres del distrito de Huayllabamba al 2025. (DISTRITO HUAYLLABAMBA, URUBAMBA, CUSCO)', None)","('', 'https://sigrid.cenepred.gob.pe/sigridv3/documento/11849/descargar')"
135,"('Plan de prevención y reducción de riesgo de desastres frente al peligro la COVID-19 distrito La Unión 2020-2022 (DISTRITO LA UNION, PIURA, PIURA)', None)","('', 'https://sigrid.cenepred.gob.pe/sigridv3/documento/11298/descargar')"
136,"('Plan de prevención y reducción del riesgo de desastres del distrito de Moro (Inundación fluvial y Déficit hídrico) 2021 - 2023. (DISTRITO MORO, SANTA, ANCASH)', None)","('', 'https://sigrid.cenepred.gob.pe/sigridv3/documento/11771/descargar')"
137,"('Plan de prevención y reducción del riesgo de desastres de la municipalidad distrital de Quellouno 2021 al 2024 (DISTRITO QUELLOUNO, LA CONVENCION, CUSCO)', None)","('', 'https://sigrid.cenepred.gob.pe/sigridv3/documento/11705/descargar')"
138,"('Plan de prevención y reducción del riesgo de desastres 2021-2023 de la provincia de Corongo, región Ancash (PROVINCIA CORONGO, ANCASH)', None)","('', 'https://sigrid.cenepred.gob.pe/sigridv3/documento/11704/descargar')"
139,"('Plan de prevención y reducción del riesgo de desastres 2020-2024 del distrito de Churcampa, provincia de Churcampa, región Huancavelica. (DISTRITO CHURCAMPA, CHURCAMPA, HUANCAVELICA)', None)","('', 'https://sigrid.cenepred.gob.pe/sigridv3/documento/11623/descargar')"
140,"('Plan de prevención y reducción del riesgo de desastres 2021-2023 del distrito de Shilla, provincia de Carhuaz- Ancash (DISTRITO SHILLA, CARHUAZ, ANCASH)', None)","('', 'https://sigrid.cenepred.gob.pe/sigridv3/documento/11515/descargar')"
141,"('Plan de prevención y reducción del riesgo de desastres del Ministerio de Vivienda, Construcción y Saneamiento 2021 - 2024. (NACIONAL PERU)', None)","('', 'https://sigrid.cenepred.gob.pe/sigridv3/documento/11609/descargar')"
142,"('Plan de prevención y reducción del riesgo de desastres ante COVID-19 en la ciudad de Cajabamba (DISTRITO CAJABAMBA, CAJABAMBA, CAJAMARCA)', None)","('', 'https://sigrid.cenepred.gob.pe/sigridv3/documento/11513/descargar')"
143,"('Plan de prevención y reducción del riesgo de desastres del Ministerio de la Mujer y Poblaciones Vulnerables (NACIONAL PERU)', None)","('', 'https://sigrid.cenepred.gob.pe/sigridv3/documento/11465/descargar')"
144,"('Plan de prevención y reducción del riesgo de desastres 2021 - 2023. Central de Compras Públicas - Perú Compras. (Central de Compras Públicas - Perú Compras , DISTRITO SAN ISIDRO, LIMA, LIMA)', None)","('', 'https://sigrid.cenepred.gob.pe/sigridv3/documento/11420/descargar')"
145,"('Plan de prevención y reducción del riesgo de desastres ante Incendios Forestales del distrito de Vinchos 2021 - 2025. (DISTRITO VINCHOS, HUAMANGA, AYACUCHO)', None)","('', 'https://sigrid.cenepred.gob.pe/sigridv3/documento/11327/descargar')"
146,"('Plan de prevención y reducción del riesgo de desastres ante Incendios Forestales del distrito de Acocro 2021 - 2025. (DISTRITO ACOCRO, HUAMANGA, AYACUCHO)', None)","('', 'https://sigrid.cenepred.gob.pe/sigridv3/documento/11326/descargar')"
147,"('Plan de prevención y reducción del riesgo de desastres del distrito de Challhuahuacho 2021 - 2023. (DISTRITO CHALLHUAHUACHO, COTABAMBAS, APURIMAC)', None)","('', 'https://sigrid.cenepred.gob.pe/sigridv3/documento/11296/descargar')"
148,"('Plan de prevención y reducción del riesgo de desastres del Cercado de Lima 2021 - 2023. (DISTRITO LIMA, LIMA, LIMA)', None)","('', 'https://sigrid.cenepred.gob.pe/sigridv3/documento/10983/descargar')"
149,"('Plan de prevención y reducción del riesgo de desastres del distrito Antonio Raymondi 2021 - 2023. (DISTRITO ANTONIO RAYMONDI, BOLOGNESI, ANCASH)', None)","('', 'https://sigrid.cenepred.gob.pe/sigridv3/documento/11269/descargar')"
150,"('Plan de prevención y reducción del riesgo de desastres 2021-2022 de la municipalidad provincial de Zarumilla (PROVINCIA ZARUMILLA, TUMBES)', None)","('', 'https://sigrid.cenepred.gob.pe/sigridv3/documento/10982/descargar')"
151,"('Plan de prevención y reducción del riesgo de desastres del parque arqueológico nacional de Saqsaywaman al 2024 (Saqsaywaman, DISTRITO CUSCO, CUSCO, CUSCO)', None)","('', 'https://sigrid.cenepred.gob.pe/sigridv3/documento/10842/descargar')"
152,"('Plan de prevención y reducción del riesgo ante COVID 19 del distrito de la Pampa 2020-2022 (DISTRITO LA PAMPA, CORONGO, ANCASH)', None)","('', 'https://sigrid.cenepred.gob.pe/sigridv3/documento/9703/descargar')"
153,"('Plan de prevención y reducción del riesgo de desastres de la Municipalidad Distrital de Pacocha, 2020 - 2023 (DISTRITO PACOCHA, ILO, MOQUEGUA)', None)","('', 'https://sigrid.cenepred.gob.pe/sigridv3/documento/9791/descargar')"
154,"('Plan de prevención y reducción del riesgo de desastres de la municipalidad provincial de Chucuito, 2020-2023 (PROVINCIA CHUCUITO, PUNO)', None)","('', 'https://sigrid.cenepred.gob.pe/sigridv3/documento/10833/descargar')"
155,"('Plan de prevención y reducción del riesgo de desastres ante peligros de origen natural en la provincia de Sullana, 2021-2023 (PROVINCIA SULLANA, PIURA)', None)","('', 'https://sigrid.cenepred.gob.pe/sigridv3/documento/10828/descargar')"
156,"('Plan de prevención y reducción del riesgo de desastres de la región Loreto, 2021-2024 (DEPARTAMENTO LORETO)', None)","('', 'https://sigrid.cenepred.gob.pe/sigridv3/documento/10814/descargar')"
157,"('Plan de prevención y reducción del riesgo de desastres del distrito de Ilabaya, provincia Jorge Basadre, región Tacna, 2020-2023 (DISTRITO ILABAYA, JORGE BASADRE, TACNA)', None)","('', 'https://sigrid.cenepred.gob.pe/sigridv3/documento/10802/descargar')"
158,"('Plan de prevención y reducción de riesgos de desastres frente a peligros de sequías y movimientos en masas del distrito Jililí 2020-2022 (DISTRITO JILILI, AYABACA, PIURA)', None)","('', 'https://sigrid.cenepred.gob.pe/sigridv3/documento/10774/descargar')"
159,"('Plan de prevención y reducción de riesgo de desastres frente a peligros de sequías e inundaciones del distrito Miguel Checa (DISTRITO MIGUEL CHECA, SULLANA, PIURA)', None)","('', 'https://sigrid.cenepred.gob.pe/sigridv3/documento/10773/descargar')"
160,"('Plan de prevención y reducción del riesgo de desastres ante peligros de origen natural en la provincia de Ayabaca 2021 - 2022 (PROVINCIA AYABACA, PIURA)', None)","('', 'https://sigrid.cenepred.gob.pe/sigridv3/documento/10736/descargar')"
161,"('Plan de prevención y reducción de riesgo de desastres frente al peligro del COVID-19, distrito El Tallan 2020 - 2022 (DISTRITO EL TALLAN, PIURA, PIURA)', None)","('', 'https://sigrid.cenepred.gob.pe/sigridv3/documento/10735/descargar')"
162,"('Plan de prevención y reducción de riesgo de desastres frente al peligro del COVID-19, distrito de La Arena 2020 - 2022 (DISTRITO LA ARENA, PIURA, PIURA)', None)","('', 'https://sigrid.cenepred.gob.pe/sigridv3/documento/10734/descargar')"
163,"('Plan de prevención y reducción del riesgo de desastres frente al peligro de inundación del distrito de Tallan 2020 - 2022 (DISTRITO EL TALLAN, PIURA, PIURA)', None)","('', 'https://sigrid.cenepred.gob.pe/sigridv3/documento/10733/descargar')"
164,"('Plan de prevención y reducción de riesgos de desastres frente al peligro del Covid - 19, distrito de Cura Mori, provincia y departamento de Piura 2020 - 2022. (DISTRITO CURA MORI, PIURA, PIURA)', None)","('', 'https://sigrid.cenepred.gob.pe/sigridv3/documento/10583/descargar')"
165,"('Plan de prevención y reducción de riesgos de desastres de la región Lima 2020 – 2022 (DEPARTAMENTO LIMA)', None)","('', 'https://sigrid.cenepred.gob.pe/sigridv3/documento/10479/descargar')"
166,"('Plan de prevención y reducción del riesgo de desastres del distrito de Huachupampa 2020 - 2022 (DISTRITO HUACHUPAMPA, HUAROCHIRI, LIMA)', None)","('', 'https://sigrid.cenepred.gob.pe/sigridv3/documento/10438/descargar')"
167,"('Plan de prevención y reducción del riesgo de desastres del distrito de Callahuanca 2021 - 2023 (DISTRITO CALLAHUANCA, HUAROCHIRI, LIMA)', None)","('', 'https://sigrid.cenepred.gob.pe/sigridv3/documento/10434/descargar')"
168,"('Plan de prevención y reducción del riesgo de desastres por Inundación fluvial del distrito de Mala 2020 - 2022. (DISTRITO MALA, CAÑETE, LIMA)', None)","('', 'https://sigrid.cenepred.gob.pe/sigridv3/documento/10355/descargar')"
169,"('Plan de prevención y reducción del riesgo de desastres frente a Incendios Forestales en el Santuario Histórico de Machupicchu al 2022. (DISTRITO MACHUPICCHU, URUBAMBA, CUSCO)', None)","('', 'https://sigrid.cenepred.gob.pe/sigridv3/documento/10237/descargar')"
170,"('Plan de prevención y reducción del riesgo de desastres por Inundación en el distrito de La Coipa al 2023 (DISTRITO LA COIPA, SAN IGNACIO, CAJAMARCA)', None)","('', 'https://sigrid.cenepred.gob.pe/sigridv3/documento/10171/descargar')"
171,"('Plan de prevención y reducción del riesgo de desastres del departamento de Tumbes 2020-2022 (DEPARTAMENTO TUMBES)', None)","('', 'https://sigrid.cenepred.gob.pe/sigridv3/documento/10157/descargar')"
172,"('Plan de prevención y reducción del riesgo de desastres del distrito de Huacachi 2020-2023 (DISTRITO HUACACHI, HUARI, ANCASH)', None)","('', 'https://sigrid.cenepred.gob.pe/sigridv3/documento/10126/descargar')"
173,"('Plan de prevención y reducción del riesgo de desastres del distrito de Aczo 2021-2023 (DISTRITO ACZO, ANTONIO RAYMONDI, ANCASH)', None)","('', 'https://sigrid.cenepred.gob.pe/sigridv3/documento/10125/descargar')"
174,"('Plan de prevención y reducción del riesgo de desastres del distrito de Miraflores 2020-2022 (DISTRITO MIRAFLORES, LIMA, LIMA)', None)","('', 'https://sigrid.cenepred.gob.pe/sigridv3/documento/10110/descargar')"
175,"('Plan de prevención y reducción del riesgo de desastres frente a incendios forestales región Madre de Dios 2025 (DEPARTAMENTO MADRE DE DIOS)', None)","('', 'https://sigrid.cenepred.gob.pe/sigridv3/documento/10108/descargar')"
176,"('Plan de prevención y reducción del riesgo de desastres del distrito de Pariacoto 2020 - 2022 (DISTRITO PARIACOTO, HUARAZ, ANCASH)', None)","('', 'https://sigrid.cenepred.gob.pe/sigridv3/documento/10079/descargar')"
177,"('Plan de prevención y reducción del riesgo ante COVID-19, del distrito Ticapampa 2020 - 2022 (DISTRITO TICAPAMPA, RECUAY, ANCASH)', None)","('', 'https://sigrid.cenepred.gob.pe/sigridv3/documento/10063/descargar')"
178,"('Plan de prevención y reducción del riesgo de desastres del distritos de la provincia de Canchis al 2023 (PROVINCIA CANCHIS, CUSCO)', None)","('', 'https://sigrid.cenepred.gob.pe/sigridv3/documento/10055/descargar')"
179,"('Plan de prevención y reducción del riesgo ante COVID-19, del distrito de Cátac 2020 - 2022 (DISTRITO CATAC, RECUAY, ANCASH)', None)","('', 'https://sigrid.cenepred.gob.pe/sigridv3/documento/10045/descargar')"
180,"('Plan de prevención y reducción del riesgo ante COVID-19, del distrito de Marcará (DISTRITO MARCARA, CARHUAZ, ANCASH)', None)","('', 'https://sigrid.cenepred.gob.pe/sigridv3/documento/10034/descargar')"
181,"('Plan de prevención y reducción del riesgo de desastres del distritos de Poroy al 2023 (DISTRITO POROY, CUSCO, CUSCO)', None)","('', 'https://sigrid.cenepred.gob.pe/sigridv3/documento/10032/descargar')"
182,"('Plan de prevención y reducción del riesgo de desastres frente a los peligros de sequía e inundaciones del distrito de Sicchez 2020-2023 (DISTRITO SICCHEZ, AYABACA, PIURA)', None)","('', 'https://sigrid.cenepred.gob.pe/sigridv3/documento/10020/descargar')"
183,"('Plan de prevención y reducción del riesgo de desastres por sismo y tsunami del distrito de Santa Rosa 2020-2022 (DISTRITO SANTA ROSA, LIMA, LIMA)', None)","('', 'https://sigrid.cenepred.gob.pe/sigridv3/documento/10019/descargar')"
184,"('Plan de prevención y reducción del riesgo de desastres del distrito de Ranrahirca 2020-2022 (DISTRITO RANRAHIRCA, YUNGAY, ANCASH)', None)","('', 'https://sigrid.cenepred.gob.pe/sigridv3/documento/10004/descargar')"
185,"('Plan de prevención y reducción del riesgo de desastres del distrito de Masin 2020-2022 (DISTRITO MASIN, HUARI, ANCASH)', None)","('', 'https://sigrid.cenepred.gob.pe/sigridv3/documento/9994/descargar')"
186,"('Plan de prevención y reducción del riesgo de desastres del distrito de Olleros 2020-2022 (DISTRITO OLLEROS, HUARAZ, ANCASH)', None)","('', 'https://sigrid.cenepred.gob.pe/sigridv3/documento/9983/descargar')"
187,"('Plan de prevención y reducción del riesgo de desastres de Islay 2018-2022 (PROVINCIA ISLAY, AREQUIPA)', None)","('', 'https://sigrid.cenepred.gob.pe/sigridv3/documento/9923/descargar')"
188,"('Plan de prevención y reducción del riesgo de desastres frente a sequías e inundaciones del distrito de la huaca 2020-2022 (DISTRITO LA HUACA, PAITA, PIURA)', None)","('', 'https://sigrid.cenepred.gob.pe/sigridv3/documento/9959/descargar')"
189,"('Plan de prevención y reducción del riesgo de desastres del distrito de Sóndor 2020-2022 (DISTRITO SONDOR, HUANCABAMBA, PIURA)', None)","('', 'https://sigrid.cenepred.gob.pe/sigridv3/documento/9950/descargar')"
190,"('Plan de prevención y reducción del riesgo de desastres frente a peligros de sequías, inundaciones y tsunamis, distrito de colán 2020 - 2023 (DISTRITO COLAN, PAITA, PIURA)', None)","('', 'https://sigrid.cenepred.gob.pe/sigridv3/documento/9940/descargar')"
191,"('Plan de prevención y reducción del riesgo de desastres del distrito de virú 2019-2024 (DISTRITO VIRU, VIRU, LA LIBERTAD)', None)","('', 'https://sigrid.cenepred.gob.pe/sigridv3/documento/9927/descargar')"
192,"('Plan de prevención y reducción del riesgo de desastres de la provincia de Tacna 2019-2022 (PROVINCIA TACNA, TACNA)', None)","('', 'https://sigrid.cenepred.gob.pe/sigridv3/documento/9924/descargar')"
193,"('Plan de prevención y reducción del riesgo de desastres del distrito Yaután 2020-2022 (DISTRITO YAUTAN, CASMA, ANCASH)', None)","('', 'https://sigrid.cenepred.gob.pe/sigridv3/documento/9900/descargar')"
194,"('Plan de prevención y reducción del riesgo de desastres ante incendios forestales de la región Ancash 2020-2023 (DEPARTAMENTO ANCASH)', None)","('', 'https://sigrid.cenepred.gob.pe/sigridv3/documento/9837/descargar')"
195,"('Plan de prevención y reducción del riesgo de desastres del distrito Alto Selva Alegre 2019-2022 (DISTRITO ALTO SELVA ALEGRE, AREQUIPA, AREQUIPA)', None)","('', 'https://sigrid.cenepred.gob.pe/sigridv3/documento/9836/descargar')"
196,"('Plan de prevención y reducción del riesgo de desastres 2019 - 2022 Provincia de Talara (PROVINCIA TALARA, PIURA)', None)","('', 'https://sigrid.cenepred.gob.pe/sigridv3/documento/9835/descargar')"
197,"('Plan de prevención y reducción del riesgo de desastres del distrito de San Marcos 2020 - 2022 (DISTRITO SAN MARCOS, HUARI, ANCASH)', None)","('', 'https://sigrid.cenepred.gob.pe/sigridv3/documento/9834/descargar')"
198,"('Plan de prevención y reducción del riesgo de desastres del distrito de Cura Mori 2020 - 2022 (DISTRITO CURA MORI, PIURA, PIURA)', None)","('', 'https://sigrid.cenepred.gob.pe/sigridv3/documento/9822/descargar')"
199,"('Plan de prevención y reducción del riesgo de desastres del distrito de Punta Negra 2020 - 2023 (DISTRITO PUNTA NEGRA, LIMA, LIMA)', None)","('', 'https://sigrid.cenepred.gob.pe/sigridv3/documento/9833/descargar')"
200,"('Plan de prevención y reducción del riesgo de desastres ante COVID19, distrito de Acopampa 2020-2022 (DISTRITO ACOPAMPA, CARHUAZ, ANCASH)', None)","('', 'https://sigrid.cenepred.gob.pe/sigridv3/documento/9832/descargar')"
201,"('Plan de prevención y reducción del riesgo de desastres del Gobierno Regional Piura 2020-2022 (DEPARTAMENTO PIURA)', None)","('', 'https://sigrid.cenepred.gob.pe/sigridv3/documento/9823/descargar')"
202,"('Plan de prevención y reducción del riesgo de desastres 2019 - 2021 Municipalidad Distrital de Cura Mori (DISTRITO CURA MORI, PIURA, PIURA)', None)","('', 'https://sigrid.cenepred.gob.pe/sigridv3/documento/6211/descargar')"
203,"('Plan de prevención y reducción del riesgo de desastre del distrito de Ayabaca, ante peligros de sequía y movimientos en masa. 2020 - 2023 (DISTRITO AYABACA, AYABACA, PIURA)', None)","('', 'https://sigrid.cenepred.gob.pe/sigridv3/documento/9820/descargar')"
204,"('Plan de prevención y reducción del riesgo de desastres de la provincia de Bolognesi 2020 - 2022 (PROVINCIA BOLOGNESI, ANCASH)', None)","('', 'https://sigrid.cenepred.gob.pe/sigridv3/documento/9799/descargar')"
205,"('Plan de prevención y reducción del riesgo de desastres de la ONPE 2020-2022 (NACIONAL PERU)', None)","('', 'https://sigrid.cenepred.gob.pe/sigridv3/documento/9766/descargar')"
206,"('Plan de prevención y reducción del riesgo de desastres de la Costa Verde 2020 - 2023 (Costa Verde, PROVINCIA LIMA, LIMA)', None)","('', 'https://sigrid.cenepred.gob.pe/sigridv3/documento/9727/descargar')"
207,"('Plan de prevención y reducción del riesgo de desastres por sismos del distrito de Carmen de la Legua Reynoso 2020 - 2023 (DISTRITO CARMEN DE LA LEGUA REYNOSO, CALLAO, CALLAO)', None)","('', 'https://sigrid.cenepred.gob.pe/sigridv3/documento/9746/descargar')"
208,"('Plan de prevención y reducción del riesgo de desastres del distrito de Yuracmarca 2020 - 2023 (DISTRITO YURACMARCA, HUAYLAS, ANCASH)', None)","('', 'https://sigrid.cenepred.gob.pe/sigridv3/documento/9743/descargar')"
209,"('Plan de prevención y reducción del riesgo de desastres del distrito Santa Rosa al 2022 (DISTRITO SANTA ROSA, LA MAR, AYACUCHO)', None)","('', 'https://sigrid.cenepred.gob.pe/sigridv3/documento/9714/descargar')"
210,"('Plan de prevención y reducción de riesgos de desastres frente a Peligros de Sequias e inundaciones, del distrito de Vichayal, 2020-2022 (DISTRITO VICHAYAL, PAITA, PIURA)', None)","('', 'https://sigrid.cenepred.gob.pe/sigridv3/documento/9645/descargar')"
211,"('Plan de prevención y reducción de riesgos de desastres del distrito de Machupicchu al 2022 (DISTRITO MACHUPICCHU, URUBAMBA, CUSCO)', None)","('', 'https://sigrid.cenepred.gob.pe/sigridv3/documento/9660/descargar')"
212,"('Plan de prevención y reducción del riesgo de desastres por sismos 2019-2022. Municipalidad distrital de Santa Anita (DISTRITO SANTA ANITA, LIMA, LIMA)', None)","('', 'https://sigrid.cenepred.gob.pe/sigridv3/documento/9643/descargar')"
213,"('Plan de prevención y reducción del riesgo de desastres - Cuenca del Chicama (Cuenca Chicama, DEPARTAMENTO LA LIBERTAD)', None)","('', 'https://sigrid.cenepred.gob.pe/sigridv3/documento/9590/descargar')"
214,"('Plan de prevención y reducción del riesgo de desastres 2020-2022. Municipalidad distrital de Castilla (DISTRITO CASTILLA, PIURA, PIURA)', None)","('', 'https://sigrid.cenepred.gob.pe/sigridv3/documento/9589/descargar')"
215,"('Plan de prevención y reducción del riesgo de desastres de la provincia de Carlos Fermín Fitzcarrald 2019 -2022 (PROVINCIA CARLOS FERMIN FITZCARRALD, ANCASH)', None)","('', 'https://sigrid.cenepred.gob.pe/sigridv3/documento/9550/descargar')"
216,"('Plan de Prevención y Reducción del Riesgo de Desastres del Distrito de Pampas Chico 2019-2021 (DISTRITO PAMPAS CHICO, RECUAY, ANCASH)', None)","('', 'https://sigrid.cenepred.gob.pe/sigridv3/documento/9382/descargar')"
217,"('Plan de prevención y reducción del riesgo de desastres de la Provincia de Carhuaz 2018 - 2021 (PROVINCIA CARHUAZ, ANCASH)', None)","('', 'https://sigrid.cenepred.gob.pe/sigridv3/documento/6195/descargar')"
218,"('Plan de prevención y reducción del riesgo de desastres por sismo del Callao, 2019 – 2022 (PROVINCIA CALLAO, CALLAO)', None)","('', 'https://sigrid.cenepred.gob.pe/sigridv3/documento/8163/descargar')"
219,"('Plan de prevención y reducción de riesgos de desastres de fuero militar policial, 2020 – 2022 ()', None)","('', 'https://sigrid.cenepred.gob.pe/sigridv3/documento/8164/descargar')"
220,"('Plan de prevención y reducción de riesgos de desastres distrital de Sachaca, 2019 – 2023 (DISTRITO SACHACA, AREQUIPA, AREQUIPA)', None)","('', 'https://sigrid.cenepred.gob.pe/sigridv3/documento/8162/descargar')"
221,"('Plan de prevención y reducción de riesgos de desastres distrital de Florida al 2022 (DISTRITO FLORIDA, BONGARA, AMAZONAS)', None)","('', 'https://sigrid.cenepred.gob.pe/sigridv3/documento/8161/descargar')"
222,"('Plan de prevención y reducción de riesgos de desastres distrital de Villa El Salvador 2019-2022 (DISTRITO VILLA EL SALVADOR, LIMA, LIMA)', None)","('', 'https://sigrid.cenepred.gob.pe/sigridv3/documento/8033/descargar')"
223,"('Plan de prevención y reducción del riesgo de desastres de la municipalidad de Santiago de Surco 2020-2022 (DISTRITO SANTIAGO DE SURCO, LIMA, LIMA)', None)","('', 'https://sigrid.cenepred.gob.pe/sigridv3/documento/8032/descargar')"
224,"('Plan de prevención y reducción del riesgo de desastres del distrito de Pueblo Libre 2019-2022 (DISTRITO PUEBLO LIBRE, HUAYLAS, ANCASH)', None)","('', 'https://sigrid.cenepred.gob.pe/sigridv3/documento/8031/descargar')"
225,"('Plan de prevención y reducción del riesgo de desastres para el distrito de Ollantaytambo (DISTRITO OLLANTAYTAMBO, URUBAMBA, CUSCO)', None)","('', 'https://sigrid.cenepred.gob.pe/sigridv3/documento/8030/descargar')"
226,"('Plan de prevención y reducción del riesgo de desastres por inundación del río Chillón, tramo distrito de Los Olivos 2019-2022 (Tramo río Chillón, DISTRITO LOS OLIVOS, LIMA, LIMA)', None)","('', 'https://sigrid.cenepred.gob.pe/sigridv3/documento/8029/descargar')"
227,"('Plan de prevención y reducción del riesgo de desastres por sismos del distrito de Los Olivos 2019-2022 (DISTRITO LOS OLIVOS, LIMA, LIMA)', None)","('', 'https://sigrid.cenepred.gob.pe/sigridv3/documento/8028/descargar')"
228,"('Plan de prevención y reducción del riesgo de desastres del distrito de La Pampa 2019-2021 (DISTRITO LA PAMPA, CORONGO, ANCASH)', None)","('', 'https://sigrid.cenepred.gob.pe/sigridv3/documento/8027/descargar')"
229,"('Plan de prevención y reducción del riesgo de desastre del distrito José Leonardo Ortiz, año 2019-2021 (DISTRITO JOSE LEONARDO ORTIZ, CHICLAYO, LAMBAYEQUE)', None)","('', 'https://sigrid.cenepred.gob.pe/sigridv3/documento/8026/descargar')"
230,"('Plan de prevención y reducción del riesgo de desastre del distrito Huanchaco 2019-2021 (DISTRITO HUANCHACO, TRUJILLO, LA LIBERTAD)', None)","('', 'https://sigrid.cenepred.gob.pe/sigridv3/documento/8025/descargar')"
231,"('Plan de prevención y reducción del riesgo de desastres del distrito de Echarati al 2022 (DISTRITO ECHARATE, LA CONVENCION, CUSCO)', None)","('', 'https://sigrid.cenepred.gob.pe/sigridv3/documento/8024/descargar')"
232,"('Plan de prevención y reducción del riesgo de desastres del distrito de Comas 2019-2022 (DISTRITO COMAS, LIMA, LIMA)', None)","('', 'https://sigrid.cenepred.gob.pe/sigridv3/documento/8023/descargar')"
233,"('Plan de prevención y reducción del riesgo de desastres del distrito de Cachimayo al 2021 (DISTRITO CACHIMAYO, ANTA, CUSCO)', None)","('', 'https://sigrid.cenepred.gob.pe/sigridv3/documento/8022/descargar')"
234,"('Plan de prevención y reducción del riesgo de desastres 2019 al 2021 de la región Arequipa (DEPARTAMENTO AREQUIPA)', None)","('', 'https://sigrid.cenepred.gob.pe/sigridv3/documento/8017/descargar')"
235,"('Plan de prevención y reducción del riesgo de desastres de la provincia de Asunción, región Ancash 2019-2022 (PROVINCIA ASUNCION, ANCASH)', None)","('', 'https://sigrid.cenepred.gob.pe/sigridv3/documento/7935/descargar')"
236,"('Plan de prevención y reducción del riesgo de desastres de la provincia de Huari 2019-2022 (PROVINCIA HUARI, ANCASH)', None)","('', 'https://sigrid.cenepred.gob.pe/sigridv3/documento/8018/descargar')"
237,"('Plan de prevención y reducción del riesgo de desastres por sismo del distrito de Mi Perú 2019-2022 (DISTRITO MI PERU, CALLAO, CALLAO)', None)","('', 'https://sigrid.cenepred.gob.pe/sigridv3/documento/8019/descargar')"
238,"('Plan de prevención y reducción del riesgo de desastres de la provincia de Morropón 2019-2021 (PROVINCIA MORROPON, PIURA)', None)","('', 'https://sigrid.cenepred.gob.pe/sigridv3/documento/8020/descargar')"
239,"('Plan de prevención y reducción del riesgo de desastres de la provincia de Sechura 2019-2022 (PROVINCIA SECHURA, PIURA)', None)","('', 'https://sigrid.cenepred.gob.pe/sigridv3/documento/8021/descargar')"
240,"('Plan de prevención y reducción del riesgo de desastres de la provincia de Huaraz 2019-2021 Región Áncash (PROVINCIA HUARAZ, ANCASH)', None)","('', 'https://sigrid.cenepred.gob.pe/sigridv3/documento/7937/descargar')"
241,"('Plan de prevención y reducción del riesgo de desastres del distrito de Cátac 2019-2022 (DISTRITO CATAC, RECUAY, ANCASH)', None)","('', 'https://sigrid.cenepred.gob.pe/sigridv3/documento/7936/descargar')"
242,"('Plan de Prevención y Reducción del Riesgo de Desastres del distrito de La Victoria 2019 – 2021 (DISTRITO LA VICTORIA, LIMA, LIMA)', None)","('', 'https://sigrid.cenepred.gob.pe/sigridv3/documento/7693/descargar')"
243,"('Plan de prevención y reducción del riesgo de desastre del distrito de Punta Hermosa 2019- 2022 (DISTRITO PUNTA HERMOSA, LIMA, LIMA)', None)","('', 'https://sigrid.cenepred.gob.pe/sigridv3/documento/7683/descargar')"
244,"('Plan de Prevención y Reducción de Riesgo de Desastres del distrito de Carabayllo 2019 - 2022 (DISTRITO CARABAYLLO, LIMA, LIMA)', None)","('', 'https://sigrid.cenepred.gob.pe/sigridv3/documento/7712/descargar')"
245,"('Plan de prevención y reducción de riesgos de desastres de la provincia de Casma 2019 - 2021 (PROVINCIA CASMA, ANCASH)', None)","('', 'https://sigrid.cenepred.gob.pe/sigridv3/documento/7681/descargar')"
246,"('Plan de prevención y reducción del riesgo de desastres de Lima Metropolitana 2019-2022 (PROVINCIA LIMA, LIMA)', None)","('', 'https://sigrid.cenepred.gob.pe/sigridv3/documento/7679/descargar')"
247,"('Plan de prevención y reducción del riesgo de desastres de la provincia de Pomabamba, región Ancash 2019-2021 (PROVINCIA POMABAMBA, ANCASH)', None)","('', 'https://sigrid.cenepred.gob.pe/sigridv3/documento/7676/descargar')"
248,"('Plan de prevención y reducción del riesgo de desastres de la provincia de Huaylas, región Ancash 2019-2021 (PROVINCIA HUAYLAS, ANCASH)', None)","('', 'https://sigrid.cenepred.gob.pe/sigridv3/documento/7650/descargar')"
249,"('Plan de prevención y reducción del riesgo de desastres al 2021, Departamento de Apurímac (DEPARTAMENTO APURIMAC)', None)","('', 'https://sigrid.cenepred.gob.pe/sigridv3/documento/4570/descargar')"
250,"('Plan de prevención y reducción del riesgo de desastres al 2021 de la provincia de Chincheros, departamento de Apurímac. (PROVINCIA CHINCHEROS, APURIMAC)', None)","('', 'https://sigrid.cenepred.gob.pe/sigridv3/documento/5570/descargar')"
251,"('Plan de prevención y reducción del riesgo de desastres de la municipalidad distrital de Kimbiri 2019 al 2022 (DISTRITO KIMBIRI, LA CONVENCION, CUSCO)', None)","('', 'https://sigrid.cenepred.gob.pe/sigridv3/documento/7215/descargar')"
252,"('Plan de prevención y reducción del riesgo de desastres del distrito de Independencia, provincia Huaraz, región Ancash 2019 - 2021 (DISTRITO INDEPENDENCIA, HUARAZ, ANCASH)', None)","('', 'https://sigrid.cenepred.gob.pe/sigridv3/documento/7072/descargar')"
253,"('Plan de Prevención y Reducción del Riesgo de Desastres por Inundación y Erosión Fluvial en la región San Martín 2017-2021 (DEPARTAMENTO SAN MARTIN)', None)","('', 'https://sigrid.cenepred.gob.pe/sigridv3/documento/3052/descargar')"
254,"('Plan de prevención y reducción del riesgo de desastres Puno al 2021 (DEPARTAMENTO PUNO)', None)","('', 'https://sigrid.cenepred.gob.pe/sigridv3/documento/3804/descargar')"
255,"('Plan de prevención y reducción del riesgo de desastres de la subcuenca Quillcay 2018-2021 (SUBCUENCA QUILLCAY, DISTRITO INDEPENDENCIA, HUARAZ, ANCASH)', None)","('', 'https://sigrid.cenepred.gob.pe/sigridv3/documento/4592/descargar')"
256,"('Plan de prevención y reducción del riesgo de desastres PPRRD - Distrito de Megantoni al 2021 (DISTRITO MEGANTONI, LA CONVENCION, CUSCO)', None)","('', 'https://sigrid.cenepred.gob.pe/sigridv3/documento/6679/descargar')"
257,"('Plan de prevención y reducción del riesgo de desastres del distrito de Cerro Colorado 2019 - 2026 (DISTRITO CERRO COLORADO, AREQUIPA, AREQUIPA)', None)","('', 'https://sigrid.cenepred.gob.pe/sigridv3/documento/6216/descargar')"
258,"('Plan de prevención y reducción del riesgo de desastres PPRRD - Distrito de Surquillo 2019 - 2022 (DISTRITO SURQUILLO, LIMA, LIMA)', None)","('', 'https://sigrid.cenepred.gob.pe/sigridv3/documento/6680/descargar')"
259,"('Plan de prevención y reducción del riesgo de desastres de la Provincia Paucartambo al 2021 (PROVINCIA PAUCARTAMBO, CUSCO)', None)","('', 'https://sigrid.cenepred.gob.pe/sigridv3/documento/6669/descargar')"
260,"('Plan de prevención y reducción del riesgo de desastres PPRRD - Distrito de La arena 2019 - 2021 (DISTRITO LA ARENA, PIURA, PIURA)', None)","('', 'https://sigrid.cenepred.gob.pe/sigridv3/documento/6670/descargar')"
261,"('Plan de prevención y reducción del riesgo de desastres PPRRD - Distrito de Jangas 2019 - 2021 (DISTRITO JANGAS, HUARAZ, ANCASH)', None)","('', 'https://sigrid.cenepred.gob.pe/sigridv3/documento/6668/descargar')"
262,"('Plan de prevención y reducción del riesgo de desastres de la Provincia de Aija 2019 – 2021 (PROVINCIA AIJA, ANCASH)', None)","('', 'https://sigrid.cenepred.gob.pe/sigridv3/documento/6667/descargar')"
263,"('Plan de prevención y reducción del riesgo de desastres 2019 - 2021 Municipalidad Distrital de Catacaos (DISTRITO CATACAOS, PIURA, PIURA)', None)","('', 'https://sigrid.cenepred.gob.pe/sigridv3/documento/6212/descargar')"
264,"('Plan de prevención y reducción del riesgo de desastres del distrito de Chimbote - Provincia del Santa 2018 - 2020 (DISTRITO CHIMBOTE, SANTA, ANCASH)', None)","('', 'https://sigrid.cenepred.gob.pe/sigridv3/documento/6225/descargar')"
265,"('Plan de prevención y reducción del riesgo de desastres del distrito de Pacasmayo 2019 - 2021 (DISTRITO PACASMAYO, PACASMAYO, LA LIBERTAD)', None)","('', 'https://sigrid.cenepred.gob.pe/sigridv3/documento/6214/descargar')"
266,"('Plan de prevención y reducción del riesgo de desastres de la ONPE 2019-2021 (NACIONAL PERU)', None)","('', 'https://sigrid.cenepred.gob.pe/sigridv3/documento/6183/descargar')"
267,"('Plan de prevención y reducción del riesgo de desastres de la Provincia de Lambayeque 2019 - 2021 (PROVINCIA LAMBAYEQUE, LAMBAYEQUE)', None)","('', 'https://sigrid.cenepred.gob.pe/sigridv3/documento/6189/descargar')"
268,"('Plan de prevención y reducción del riesgo de desastres al 2021 - Municipalidad Provincial La Convención (PROVINCIA LA CONVENCION, CUSCO)', None)","('', 'https://sigrid.cenepred.gob.pe/sigridv3/documento/6194/descargar')"
269,"('Plan de prevención y reducción del riesgo de desastres Yungay 2018 -2021 (PROVINCIA YUNGAY, ANCASH)', None)","('', 'https://sigrid.cenepred.gob.pe/sigridv3/documento/6196/descargar')"
270,"('Plan de prevención y reducción del riesgo de desastres de la Provincia de Trujillo 2018 - 2021 (PROVINCIA TRUJILLO, LA LIBERTAD)', None)","('', 'https://sigrid.cenepred.gob.pe/sigridv3/documento/6188/descargar')"
271,"('Plan de prevención y reducción del riesgo de desastres al 2021 - Municipalidad Provincial de Piura (PROVINCIA PIURA, PIURA)', None)","('', 'https://sigrid.cenepred.gob.pe/sigridv3/documento/6186/descargar')"
272,"('Plan de prevención y reducción del riesgo de desastres de la Provincia de Paruro al 2021 (PROVINCIA PARURO, CUSCO)', None)","('', 'https://sigrid.cenepred.gob.pe/sigridv3/documento/6191/descargar')"
273,"('Plan de prevención y reducción del riesgo de desastres de la Provincia de Paita 2019 - 2021 (PROVINCIA PAITA, PIURA)', None)","('', 'https://sigrid.cenepred.gob.pe/sigridv3/documento/6187/descargar')"
274,"('Plan de prevención y reducción del riesgo de desastres al 2021 - Municipalidad Provincial de Andahuaylas (PROVINCIA ANDAHUAYLAS, APURIMAC)', None)","('', 'https://sigrid.cenepred.gob.pe/sigridv3/documento/6193/descargar')"
275,"('Plan de prevención y reducción del riesgo de desastres de la Provincia de Abancay al 2021 (PROVINCIA ABANCAY, APURIMAC)', None)","('', 'https://sigrid.cenepred.gob.pe/sigridv3/documento/6192/descargar')"
276,"('Plan de Prevención y Reducción del Riesgo de Desastres del distrito de San Isidro 2019 – 2021 (DISTRITO SAN ISIDRO, LIMA, LIMA)', None)","('', 'https://sigrid.cenepred.gob.pe/sigridv3/documento/6239/descargar')"
277,"('Plan de Prevencion y Reduccion del riesgo de desastres para el distrito de Tupac Amaru Inca (DISTRITO TUPAC AMARU INCA, PISCO, ICA)', None)","('', 'https://sigrid.cenepred.gob.pe/sigridv3/documento/2144/descargar')"
278,"('Plan de prevención y reducción del riesgo de desastres 2019 - 2021 - Gobierno Regional de Ucayali (DEPARTAMENTO UCAYALI)', None)","('', 'https://sigrid.cenepred.gob.pe/sigridv3/documento/6305/descargar')"
279,"('Plan de prevención y reducción del riesgo de desastres 2018 - 2021 - Municipalidad Distrital de Chaclacayo (DISTRITO CHACLACAYO, LIMA, LIMA)', None)","('', 'https://sigrid.cenepred.gob.pe/sigridv3/documento/6202/descargar')"
280,"('Plan de prevención y reducción del riesgo de desastres del Centro Vacacional Huampaní – 2019-2021, Chosica - Lurigancho (CENTRO VACACIONAL HUAMPANÍ, LURIGANCHO, LIMA, LIMA)', None)","('', 'https://sigrid.cenepred.gob.pe/sigridv3/documento/6496/descargar')"
281,"('Plan de prevención y reducción del riesgo de desastres de la Provincia de Tumbes 2018 - 2021 (PROVINCIA TUMBES, TUMBES)', None)","('', 'https://sigrid.cenepred.gob.pe/sigridv3/documento/6495/descargar')"
282,"('Plan de prevención y reducción del riesgo de desastres de la Municipalidad Distrital de El Algarrobal 2019 - 2022 (DISTRITO EL ALGARROBAL, ILO, MOQUEGUA)', None)","('', 'https://sigrid.cenepred.gob.pe/sigridv3/documento/6220/descargar')"
283,"('Plan de prevención y reducción del riesgo de desastres 2018 - 2021 Distrito de Independencia (DISTRITO INDEPENDENCIA, LIMA, LIMA)', None)","('', 'https://sigrid.cenepred.gob.pe/sigridv3/documento/6218/descargar')"
284,"('Plan de prevención y reducción del riesgo de desastres 2019 - 2022 Municipalidad Distrital de Yanahuara (DISTRITO YANAHUARA, AREQUIPA, AREQUIPA)', None)","('', 'https://sigrid.cenepred.gob.pe/sigridv3/documento/6217/descargar')"
285,"('Plan de prevención y reducción del riesgo de desastres de Huayopata al 2021 (DISTRITO HUAYOPATA, LA CONVENCION, CUSCO)', None)","('', 'https://sigrid.cenepred.gob.pe/sigridv3/documento/6215/descargar')"
286,"('Plan de prevención y reducción del riesgo de desastres del distrito El Porvenir 2019 - 2021 (DISTRITO EL PORVENIR, TRUJILLO, LA LIBERTAD)', None)","('', 'https://sigrid.cenepred.gob.pe/sigridv3/documento/6213/descargar')"
287,"('Plan de prevención y reducción del riesgo de desastres 2018 -2021 - Distrito Tambogrande (DISTRITO TAMBO GRANDE, PIURA, PIURA)', None)","('', 'https://sigrid.cenepred.gob.pe/sigridv3/documento/6210/descargar')"
288,"('Plan de prevención y reducción del riesgo de desastres - San Martín de Porres (DISTRITO SAN MARTIN DE PORRES, LIMA, LIMA)', None)","('', 'https://sigrid.cenepred.gob.pe/sigridv3/documento/6209/descargar')"
289,"('Plan de prevención y reducción del riesgo de desastres - PPRRD 2018 - 2021 Distrito de La Punta - Callao (DISTRITO LA PUNTA, CALLAO, CALLAO)', None)","('', 'https://sigrid.cenepred.gob.pe/sigridv3/documento/6207/descargar')"
290,"('Plan de prevención y reducción del riesgo de desastres 2018 - 2021 Distrito de Breña (DISTRITO BREÑA, LIMA, LIMA)', None)","('', 'https://sigrid.cenepred.gob.pe/sigridv3/documento/6206/descargar')"
291,"('Plan de prevención y reducción del riesgo de desastres 2018 - 2021 Distrito Lince (DISTRITO LINCE, LIMA, LIMA)', None)","('', 'https://sigrid.cenepred.gob.pe/sigridv3/documento/6204/descargar')"
292,"('Plan de prevención y reducción del riesgo de desastres 2019 - 2022 Municipalidad Provincial de Moyobamba (PROVINCIA MOYOBAMBA, SAN MARTIN)', None)","('', 'https://sigrid.cenepred.gob.pe/sigridv3/documento/6203/descargar')"
293,"('Plan de prevención y reducción del riesgo de desastres del Distrito de Ate 2018 - 2021 (DISTRITO ATE, LIMA, LIMA)', None)","('', 'https://sigrid.cenepred.gob.pe/sigridv3/documento/6201/descargar')"
294,"('Plan de prevención y reducción del riesgo de desastres de la Provincia de Mariscal Luzuriaga 2018 - 2021 (PROVINCIA MARISCAL LUZURIAGA, ANCASH)', None)","('', 'https://sigrid.cenepred.gob.pe/sigridv3/documento/6198/descargar')"
295,"('Plan de prevención y reducción del riesgo de desastres de la Provincia de Recuay 2018 - 2021 (PROVINCIA RECUAY, ANCASH)', None)","('', 'https://sigrid.cenepred.gob.pe/sigridv3/documento/6197/descargar')"
296,"('Plan de prevención y reducción del riesgo de desastres - Municipalidad Provincial de Calca (PROVINCIA CALCA, CUSCO)', None)","('', 'https://sigrid.cenepred.gob.pe/sigridv3/documento/6190/descargar')"
297,"('Plan de prevención y reducción del riesgo de desastres de la Región Ancash (DEPARTAMENTO ANCASH)', None)","('', 'https://sigrid.cenepred.gob.pe/sigridv3/documento/6184/descargar')"
298,"('Plan de prevención y reducción del riesgo de desastres del Gobierno Regional Amazonas 2019-2021 (DEPARTAMENTO AMAZONAS)', None)","('', 'https://sigrid.cenepred.gob.pe/sigridv3/documento/6185/descargar')"
299,"('Plan de prevención y reducción de riesgos de desastres de la región Madre de Dios al 2021 (DEPARTAMENTO MADRE DE DIOS)', None)","('', 'https://sigrid.cenepred.gob.pe/sigridv3/documento/5170/descargar')"
